{
  "model": {
    "type": "select",
    "property": "custom_model_data",
    "fallback": {
      "type": "model",
      "model": "item/copper_sword"
    },
    "cases": [
      {
        "when": "flimsy_bronze_sword",
        "model": {
          "type": "model",
          "model": "item/flimsy_bronze_sword"
        }
      },
      {
        "when": "reinforced_bronze_sword",
        "model": {
          "type": "model",
          "model": "item/reinforced_bronze_sword"
        }
      }
    ]
  }
}