{
  "model": {
    "type": "select",
    "property": "custom_model_data",
    "fallback": {
      "type": "model",
      "model": "item/iron_sword"
    },
    "cases": [
      {
        "when": "iron_dagger",
        "model": {
          "type": "model",
          "model": "item/iron_dagger"
        }
      },
      {
        "when": "sharpened_iron_sword",
        "model": {
          "type": "model",
          "model": "item/sharpened_iron_sword"
        }
      },
      {
        "when": "diamond_tipped_iron_sword",
        "model": {
          "type": "model",
          "model": "item/diamond_tipped_iron_sword"
        }
      }
    ]
  }
}