{
  "model": {
    "type": "select",
    "property": "custom_model_data",
    "fallback": {
      "type": "model",
      "model": "item/iron_pickaxe"
    },
    "cases": [
      {
        "when": "diamond_coated_iron_pickaxe",
        "model": {
          "type": "model",
          "model": "item/diamond_coated_iron_pickaxe"
        }
      },
      {
        "when": "undead_miner_pickaxe",
        "model": {
          "type": "model",
          "model": "item/undead_miner_pickaxe"
        }
      }
    ]
  }
}